<?xml version='1.0' encoding='UTF-8'?>
<feed xmlns="http://www.w3.org/2005/Atom" xml:lang="en"><id>https://cheatsheetseries.owasp.org/</id><title>OWASP Cheat Sheet Series update</title><updated>2020-02-21T22:52:22+00:00</updated><author><name>Core team</name><email>dominique.righetto@owasp.org</email></author><link href="https://cheatsheetseries.owasp.org" rel="self"/><link href="https://github.com/OWASP/CheatSheetSeries" rel="alternate"/><generator uri="https://lkiesow.github.io/python-feedgen" version="0.9.0">python-feedgen</generator><icon>https://cheatsheetseries.owasp.org/gitbook/images/favicon.ico</icon><subtitle>List of the last updates on the content</subtitle><entry><id>https://github.com/OWASP/CheatSheetSeries/pull/206</id><title>Fix typos/grammar in Authentication cheat sheet</title><updated>2019-09-14T06:43:42+00:00</updated><link href="https://github.com/OWASP/CheatSheetSeries/pull/206" rel="self"/><link href="https://github.com/OWASP/CheatSheetSeries/pull/206" rel="alternate"/><contributor><name>ashokdelphia</name><uri>https://github.com/ashokdelphia</uri></contributor><published>2019-09-14T06:43:42+00:00</published></entry><entry><id>https://github.com/OWASP/CheatSheetSeries/pull/208</id><title>Add warning about enterprise proxies with certificate auth to Authentication CS</title><updated>2019-09-14T09:50:52+00:00</updated><link href="https://github.com/OWASP/CheatSheetSeries/pull/208" rel="self"/><link href="https://github.com/OWASP/CheatSheetSeries/pull/208" rel="alternate"/><contributor><name>rbsec</name><uri>https://github.com/rbsec</uri></contributor><published>2019-09-14T09:50:52+00:00</published></entry><entry><id>https://github.com/OWASP/CheatSheetSeries/pull/209</id><title>Auth CS: improve brute-force protection section</title><updated>2019-09-23T06:19:23+00:00</updated><link href="https://github.com/OWASP/CheatSheetSeries/pull/209" rel="self"/><link href="https://github.com/OWASP/CheatSheetSeries/pull/209" rel="alternate"/><contributor><name>rbsec</name><uri>https://github.com/rbsec</uri></contributor><published>2019-09-23T06:19:23+00:00</published></entry><entry><id>https://github.com/OWASP/CheatSheetSeries/pull/210</id><title>Remove unused square bracket</title><updated>2019-09-20T06:26:36+00:00</updated><link href="https://github.com/OWASP/CheatSheetSeries/pull/210" rel="self"/><link href="https://github.com/OWASP/CheatSheetSeries/pull/210" rel="alternate"/><contributor><name>coffeemakr</name><uri>https://github.com/coffeemakr</uri></contributor><published>2019-09-20T06:26:36+00:00</published></entry><entry><id>https://github.com/OWASP/CheatSheetSeries/pull/211</id><title>Add note on Unmarshaller instances being safe by default on OpenJDK 8+</title><updated>2019-09-23T13:01:50+00:00</updated><link href="https://github.com/OWASP/CheatSheetSeries/pull/211" rel="self"/><link href="https://github.com/OWASP/CheatSheetSeries/pull/211" rel="alternate"/><contributor><name>Jurrie</name><uri>https://github.com/Jurrie</uri></contributor><published>2019-09-23T13:01:50+00:00</published></entry><entry><id>https://github.com/OWASP/CheatSheetSeries/pull/212</id><title>Improve .NET-Security section about Antiforgery-Tokens</title><updated>2019-11-16T15:44:11+00:00</updated><link href="https://github.com/OWASP/CheatSheetSeries/pull/212" rel="self"/><link href="https://github.com/OWASP/CheatSheetSeries/pull/212" rel="alternate"/><contributor><name>Compufreak345</name><uri>https://github.com/Compufreak345</uri></contributor><published>2019-11-16T15:44:11+00:00</published></entry><entry><id>https://github.com/OWASP/CheatSheetSeries/pull/214</id><title>Delete space</title><updated>2019-09-20T06:25:08+00:00</updated><link href="https://github.com/OWASP/CheatSheetSeries/pull/214" rel="self"/><link href="https://github.com/OWASP/CheatSheetSeries/pull/214" rel="alternate"/><published>2019-09-20T06:25:08+00:00</published></entry><entry><id>https://github.com/OWASP/CheatSheetSeries/pull/216</id><title>Update ldap section</title><updated>2019-09-22T16:20:16+00:00</updated><link href="https://github.com/OWASP/CheatSheetSeries/pull/216" rel="self"/><link href="https://github.com/OWASP/CheatSheetSeries/pull/216" rel="alternate"/><contributor><name>Ahmedfathyarafa</name><uri>https://github.com/Ahmedfathyarafa</uri></contributor><published>2019-09-22T16:20:16+00:00</published></entry><entry><id>https://github.com/OWASP/CheatSheetSeries/pull/217</id><title>Update Clickjacking_Defense_Cheat_Sheet.md</title><updated>2019-10-01T05:58:15+00:00</updated><link href="https://github.com/OWASP/CheatSheetSeries/pull/217" rel="self"/><link href="https://github.com/OWASP/CheatSheetSeries/pull/217" rel="alternate"/><published>2019-10-01T05:58:15+00:00</published></entry><entry><id>https://github.com/OWASP/CheatSheetSeries/pull/218</id><title>Improve wording for Authentication_Cheat_Sheet.md</title><updated>2019-09-23T16:41:26+00:00</updated><link href="https://github.com/OWASP/CheatSheetSeries/pull/218" rel="self"/><link href="https://github.com/OWASP/CheatSheetSeries/pull/218" rel="alternate"/><contributor><name>DJN1</name><uri>https://github.com/DJN1</uri></contributor><published>2019-09-23T16:41:26+00:00</published></entry><entry><id>https://github.com/OWASP/CheatSheetSeries/pull/219</id><title>New cheat sheet: Node.js Security Cheat Sheet</title><updated>2019-10-24T11:15:03+00:00</updated><link href="https://github.com/OWASP/CheatSheetSeries/pull/219" rel="self"/><link href="https://github.com/OWASP/CheatSheetSeries/pull/219" rel="alternate"/><contributor><name>mleblebici</name><uri>https://github.com/mleblebici</uri></contributor><published>2019-10-24T11:15:03+00:00</published></entry><entry><id>https://github.com/OWASP/CheatSheetSeries/pull/221</id><title>[WIP] Create OAuth CS skeleton</title><updated>2019-12-06T23:59:18+00:00</updated><link href="https://github.com/OWASP/CheatSheetSeries/pull/221" rel="self"/><link href="https://github.com/OWASP/CheatSheetSeries/pull/221" rel="alternate"/><contributor><name>ThunderSon</name><uri>https://github.com/ThunderSon</uri></contributor><published>2019-12-06T23:59:18+00:00</published></entry><entry><id>https://github.com/OWASP/CheatSheetSeries/pull/223</id><title>Create new CS for multifactor authentication (MFA)</title><updated>2019-11-12T17:18:51+00:00</updated><link href="https://github.com/OWASP/CheatSheetSeries/pull/223" rel="self"/><link href="https://github.com/OWASP/CheatSheetSeries/pull/223" rel="alternate"/><contributor><name>rbsec</name><uri>https://github.com/rbsec</uri></contributor><published>2019-11-12T17:18:51+00:00</published></entry><entry><id>https://github.com/OWASP/CheatSheetSeries/pull/226</id><title>Update browser support and fix a broken link</title><updated>2019-10-01T16:51:45+00:00</updated><link href="https://github.com/OWASP/CheatSheetSeries/pull/226" rel="self"/><link href="https://github.com/OWASP/CheatSheetSeries/pull/226" rel="alternate"/><contributor><name>rbsec</name><uri>https://github.com/rbsec</uri></contributor><published>2019-10-01T16:51:45+00:00</published></entry><entry><id>https://github.com/OWASP/CheatSheetSeries/pull/227</id><title>Remove unsupported project and incomplete sections</title><updated>2019-10-01T05:00:48+00:00</updated><link href="https://github.com/OWASP/CheatSheetSeries/pull/227" rel="self"/><link href="https://github.com/OWASP/CheatSheetSeries/pull/227" rel="alternate"/><contributor><name>rbsec</name><uri>https://github.com/rbsec</uri></contributor><published>2019-10-01T05:00:48+00:00</published></entry><entry><id>https://github.com/OWASP/CheatSheetSeries/pull/228</id><title>Update new cheatsheet template. Fixes #222</title><updated>2019-10-02T04:09:37+00:00</updated><link href="https://github.com/OWASP/CheatSheetSeries/pull/228" rel="self"/><link href="https://github.com/OWASP/CheatSheetSeries/pull/228" rel="alternate"/><contributor><name>rbsec</name><uri>https://github.com/rbsec</uri></contributor><published>2019-10-02T04:09:37+00:00</published></entry><entry><id>https://github.com/OWASP/CheatSheetSeries/pull/230</id><title>Update "Attack Surface Metric" link</title><updated>2019-09-30T10:53:50+00:00</updated><link href="https://github.com/OWASP/CheatSheetSeries/pull/230" rel="self"/><link href="https://github.com/OWASP/CheatSheetSeries/pull/230" rel="alternate"/><contributor><name>bradleyjkemp</name><uri>https://github.com/bradleyjkemp</uri></contributor><published>2019-09-30T10:53:50+00:00</published></entry><entry><id>https://github.com/OWASP/CheatSheetSeries/pull/231</id><title>Add unsolicited response section and update encryption section.</title><updated>2019-10-27T14:52:55+00:00</updated><link href="https://github.com/OWASP/CheatSheetSeries/pull/231" rel="self"/><link href="https://github.com/OWASP/CheatSheetSeries/pull/231" rel="alternate"/><contributor><name>gkwang</name><uri>https://github.com/gkwang</uri></contributor><published>2019-10-27T14:52:55+00:00</published></entry><entry><id>https://github.com/OWASP/CheatSheetSeries/pull/233</id><title>Update to "Avoid CSP" section of the CSP template. Fixes #93</title><updated>2019-10-02T10:22:46+00:00</updated><link href="https://github.com/OWASP/CheatSheetSeries/pull/233" rel="self"/><link href="https://github.com/OWASP/CheatSheetSeries/pull/233" rel="alternate"/><contributor><name>rbsec</name><uri>https://github.com/rbsec</uri></contributor><published>2019-10-02T10:22:46+00:00</published></entry><entry><id>https://github.com/OWASP/CheatSheetSeries/pull/235</id><title>Wording improvements to the TLS section of the session management CS</title><updated>2019-10-03T08:12:10+00:00</updated><link href="https://github.com/OWASP/CheatSheetSeries/pull/235" rel="self"/><link href="https://github.com/OWASP/CheatSheetSeries/pull/235" rel="alternate"/><contributor><name>rbsec</name><uri>https://github.com/rbsec</uri></contributor><published>2019-10-03T08:12:10+00:00</published></entry><entry><id>https://github.com/OWASP/CheatSheetSeries/pull/240</id><title>Fixed spelling and grammatical mistakes</title><updated>2019-10-04T06:04:04+00:00</updated><link href="https://github.com/OWASP/CheatSheetSeries/pull/240" rel="self"/><link href="https://github.com/OWASP/CheatSheetSeries/pull/240" rel="alternate"/><contributor><name>sheerazali19</name><uri>https://github.com/sheerazali19</uri></contributor><published>2019-10-04T06:04:04+00:00</published></entry><entry><id>https://github.com/OWASP/CheatSheetSeries/pull/241</id><title>Access Control CS Grammar Improvements</title><updated>2019-10-08T07:43:20+00:00</updated><link href="https://github.com/OWASP/CheatSheetSeries/pull/241" rel="self"/><link href="https://github.com/OWASP/CheatSheetSeries/pull/241" rel="alternate"/><contributor><name>sheerazali19</name><uri>https://github.com/sheerazali19</uri></contributor><published>2019-10-08T07:43:20+00:00</published></entry><entry><id>https://github.com/OWASP/CheatSheetSeries/pull/246</id><title>Fix spelling mistake in README.md</title><updated>2019-10-06T16:22:02+00:00</updated><link href="https://github.com/OWASP/CheatSheetSeries/pull/246" rel="self"/><link href="https://github.com/OWASP/CheatSheetSeries/pull/246" rel="alternate"/><contributor><name>jimmy1134</name><uri>https://github.com/jimmy1134</uri></contributor><published>2019-10-06T16:22:02+00:00</published></entry><entry><id>https://github.com/OWASP/CheatSheetSeries/pull/249</id><title>Grammar fixes on readme.md file</title><updated>2019-10-06T16:30:48+00:00</updated><link href="https://github.com/OWASP/CheatSheetSeries/pull/249" rel="self"/><link href="https://github.com/OWASP/CheatSheetSeries/pull/249" rel="alternate"/><contributor><name>ybaruchel</name><uri>https://github.com/ybaruchel</uri></contributor><published>2019-10-06T16:30:48+00:00</published></entry><entry><id>https://github.com/OWASP/CheatSheetSeries/pull/250</id><title>Added python section</title><updated>2019-12-06T08:27:23+00:00</updated><link href="https://github.com/OWASP/CheatSheetSeries/pull/250" rel="self"/><link href="https://github.com/OWASP/CheatSheetSeries/pull/250" rel="alternate"/><contributor><name>lokiofinternet</name><uri>https://github.com/lokiofinternet</uri></contributor><published>2019-12-06T08:27:23+00:00</published></entry><entry><id>https://github.com/OWASP/CheatSheetSeries/pull/251</id><title>Fixed and updated typos in README.md</title><updated>2019-10-08T04:50:04+00:00</updated><link href="https://github.com/OWASP/CheatSheetSeries/pull/251" rel="self"/><link href="https://github.com/OWASP/CheatSheetSeries/pull/251" rel="alternate"/><published>2019-10-08T04:50:04+00:00</published></entry><entry><id>https://github.com/OWASP/CheatSheetSeries/pull/253</id><title>Update README.md</title><updated>2019-10-09T12:07:34+00:00</updated><link href="https://github.com/OWASP/CheatSheetSeries/pull/253" rel="self"/><link href="https://github.com/OWASP/CheatSheetSeries/pull/253" rel="alternate"/><contributor><name>kailwallin</name><uri>https://github.com/kailwallin</uri></contributor><published>2019-10-09T12:07:34+00:00</published></entry><entry><id>https://github.com/OWASP/CheatSheetSeries/pull/256</id><title>Minor grammar fix.</title><updated>2019-10-11T21:02:18+00:00</updated><link href="https://github.com/OWASP/CheatSheetSeries/pull/256" rel="self"/><link href="https://github.com/OWASP/CheatSheetSeries/pull/256" rel="alternate"/><published>2019-10-11T21:02:18+00:00</published></entry><entry><id>https://github.com/OWASP/CheatSheetSeries/pull/258</id><title>Update Password Storage CS</title><updated>2019-12-07T00:11:43+00:00</updated><link href="https://github.com/OWASP/CheatSheetSeries/pull/258" rel="self"/><link href="https://github.com/OWASP/CheatSheetSeries/pull/258" rel="alternate"/><contributor><name>rbsec</name><uri>https://github.com/rbsec</uri></contributor><published>2019-12-07T00:11:43+00:00</published></entry><entry><id>https://github.com/OWASP/CheatSheetSeries/pull/259</id><title>Mention trusted types + that X-XSS-Protection is being deprecated</title><updated>2019-11-16T14:22:33+00:00</updated><link href="https://github.com/OWASP/CheatSheetSeries/pull/259" rel="self"/><link href="https://github.com/OWASP/CheatSheetSeries/pull/259" rel="alternate"/><contributor><name>veeral-patel</name><uri>https://github.com/veeral-patel</uri></contributor><published>2019-11-16T14:22:33+00:00</published></entry><entry><id>https://github.com/OWASP/CheatSheetSeries/pull/263</id><title>Spelling</title><updated>2019-10-16T17:01:41+00:00</updated><link href="https://github.com/OWASP/CheatSheetSeries/pull/263" rel="self"/><link href="https://github.com/OWASP/CheatSheetSeries/pull/263" rel="alternate"/><contributor><name>jsoref</name><uri>https://github.com/jsoref</uri></contributor><published>2019-10-16T17:01:41+00:00</published></entry><entry><id>https://github.com/OWASP/CheatSheetSeries/pull/264</id><title>Grammar</title><updated>2019-10-15T11:22:52+00:00</updated><link href="https://github.com/OWASP/CheatSheetSeries/pull/264" rel="self"/><link href="https://github.com/OWASP/CheatSheetSeries/pull/264" rel="alternate"/><published>2019-10-15T11:22:52+00:00</published></entry><entry><id>https://github.com/OWASP/CheatSheetSeries/pull/268</id><title>general copy-editing</title><updated>2019-10-16T20:40:10+00:00</updated><link href="https://github.com/OWASP/CheatSheetSeries/pull/268" rel="self"/><link href="https://github.com/OWASP/CheatSheetSeries/pull/268" rel="alternate"/><contributor><name>eudaimonious</name><uri>https://github.com/eudaimonious</uri></contributor><published>2019-10-16T20:40:10+00:00</published></entry><entry><id>https://github.com/OWASP/CheatSheetSeries/pull/270</id><title>More performant Double Submit Cookie</title><updated>2019-11-05T14:53:42+00:00</updated><link href="https://github.com/OWASP/CheatSheetSeries/pull/270" rel="self"/><link href="https://github.com/OWASP/CheatSheetSeries/pull/270" rel="alternate"/><contributor><name>Xeoncross</name><uri>https://github.com/Xeoncross</uri></contributor><published>2019-11-05T14:53:42+00:00</published></entry><entry><id>https://github.com/OWASP/CheatSheetSeries/pull/272</id><title>Use IPAddress.TryParse in a .NET example</title><updated>2019-11-11T16:00:27+00:00</updated><link href="https://github.com/OWASP/CheatSheetSeries/pull/272" rel="self"/><link href="https://github.com/OWASP/CheatSheetSeries/pull/272" rel="alternate"/><contributor><name>teo-tsirpanis</name><uri>https://github.com/teo-tsirpanis</uri></contributor><published>2019-11-11T16:00:27+00:00</published></entry><entry><id>https://github.com/OWASP/CheatSheetSeries/pull/276</id><title>Update Suhosin text in PHP hardening CS</title><updated>2019-11-05T14:30:29+00:00</updated><link href="https://github.com/OWASP/CheatSheetSeries/pull/276" rel="self"/><link href="https://github.com/OWASP/CheatSheetSeries/pull/276" rel="alternate"/><contributor><name>rbsec</name><uri>https://github.com/rbsec</uri></contributor><published>2019-11-05T14:30:29+00:00</published></entry><entry><id>https://github.com/OWASP/CheatSheetSeries/pull/277</id><title>Updates to license and DNS sections on readme</title><updated>2019-10-29T18:53:17+00:00</updated><link href="https://github.com/OWASP/CheatSheetSeries/pull/277" rel="self"/><link href="https://github.com/OWASP/CheatSheetSeries/pull/277" rel="alternate"/><contributor><name>rbsec</name><uri>https://github.com/rbsec</uri></contributor><published>2019-10-29T18:53:17+00:00</published></entry><entry><id>https://github.com/OWASP/CheatSheetSeries/pull/278</id><title>Fix HSTS preload website link</title><updated>2019-10-28T07:28:41+00:00</updated><link href="https://github.com/OWASP/CheatSheetSeries/pull/278" rel="self"/><link href="https://github.com/OWASP/CheatSheetSeries/pull/278" rel="alternate"/><contributor><name>rbsec</name><uri>https://github.com/rbsec</uri></contributor><published>2019-10-28T07:28:41+00:00</published></entry><entry><id>https://github.com/OWASP/CheatSheetSeries/pull/280</id><title>Add discussion of safely comparing password hashes to authentication CS</title><updated>2019-10-29T07:10:31+00:00</updated><link href="https://github.com/OWASP/CheatSheetSeries/pull/280" rel="self"/><link href="https://github.com/OWASP/CheatSheetSeries/pull/280" rel="alternate"/><contributor><name>rbsec</name><uri>https://github.com/rbsec</uri></contributor><published>2019-10-29T07:10:31+00:00</published></entry><entry><id>https://github.com/OWASP/CheatSheetSeries/pull/281</id><title>Update Cross_Site_Scripting_Prevention_Cheat_Sheet</title><updated>2019-10-31T09:27:09+00:00</updated><link href="https://github.com/OWASP/CheatSheetSeries/pull/281" rel="self"/><link href="https://github.com/OWASP/CheatSheetSeries/pull/281" rel="alternate"/><contributor><name>rustcohlnikov</name><uri>https://github.com/rustcohlnikov</uri></contributor><published>2019-10-31T09:27:09+00:00</published></entry><entry><id>https://github.com/OWASP/CheatSheetSeries/pull/283</id><title>Spelling + Grammar</title><updated>2019-10-30T15:45:37+00:00</updated><link href="https://github.com/OWASP/CheatSheetSeries/pull/283" rel="self"/><link href="https://github.com/OWASP/CheatSheetSeries/pull/283" rel="alternate"/><published>2019-10-30T15:45:37+00:00</published></entry><entry><id>https://github.com/OWASP/CheatSheetSeries/pull/286</id><title>Cleaned up confusing words</title><updated>2019-11-05T08:48:15+00:00</updated><link href="https://github.com/OWASP/CheatSheetSeries/pull/286" rel="self"/><link href="https://github.com/OWASP/CheatSheetSeries/pull/286" rel="alternate"/><published>2019-11-05T08:48:15+00:00</published></entry><entry><id>https://github.com/OWASP/CheatSheetSeries/pull/288</id><title>Update the issue templates</title><updated>2019-11-14T20:51:28+00:00</updated><link href="https://github.com/OWASP/CheatSheetSeries/pull/288" rel="self"/><link href="https://github.com/OWASP/CheatSheetSeries/pull/288" rel="alternate"/><contributor><name>rbsec</name><uri>https://github.com/rbsec</uri></contributor><published>2019-11-14T20:51:28+00:00</published></entry><entry><id>https://github.com/OWASP/CheatSheetSeries/pull/289</id><title>Plural rather than possessive s</title><updated>2019-11-13T17:22:35+00:00</updated><link href="https://github.com/OWASP/CheatSheetSeries/pull/289" rel="self"/><link href="https://github.com/OWASP/CheatSheetSeries/pull/289" rel="alternate"/><published>2019-11-13T17:22:35+00:00</published></entry><entry><id>https://github.com/OWASP/CheatSheetSeries/pull/290</id><title>Add Awesome Node.js Security resources</title><updated>2019-11-14T21:11:58+00:00</updated><link href="https://github.com/OWASP/CheatSheetSeries/pull/290" rel="self"/><link href="https://github.com/OWASP/CheatSheetSeries/pull/290" rel="alternate"/><contributor><name>mackowski</name><uri>https://github.com/mackowski</uri></contributor><published>2019-11-14T21:11:58+00:00</published></entry><entry><id>https://github.com/OWASP/CheatSheetSeries/pull/291</id><title>Update Deserialization_Cheat_Sheet.md</title><updated>2019-12-12T14:45:12+00:00</updated><link href="https://github.com/OWASP/CheatSheetSeries/pull/291" rel="self"/><link href="https://github.com/OWASP/CheatSheetSeries/pull/291" rel="alternate"/><contributor><name>SPoint42</name><uri>https://github.com/SPoint42</uri></contributor><published>2019-12-12T14:45:12+00:00</published></entry><entry><id>https://github.com/OWASP/CheatSheetSeries/pull/292</id><title>Fix issue templates</title><updated>2019-11-20T09:52:41+00:00</updated><link href="https://github.com/OWASP/CheatSheetSeries/pull/292" rel="self"/><link href="https://github.com/OWASP/CheatSheetSeries/pull/292" rel="alternate"/><contributor><name>rbsec</name><uri>https://github.com/rbsec</uri></contributor><published>2019-11-20T09:52:41+00:00</published></entry><entry><id>https://github.com/OWASP/CheatSheetSeries/pull/294</id><title>Add link to MFA CS in authentication CS</title><updated>2019-11-17T08:13:09+00:00</updated><link href="https://github.com/OWASP/CheatSheetSeries/pull/294" rel="self"/><link href="https://github.com/OWASP/CheatSheetSeries/pull/294" rel="alternate"/><contributor><name>rbsec</name><uri>https://github.com/rbsec</uri></contributor><published>2019-11-17T08:13:09+00:00</published></entry><entry><id>https://github.com/OWASP/CheatSheetSeries/pull/295</id><title>Feat: GH Actions MD Linter</title><updated>2019-11-20T13:07:48+00:00</updated><link href="https://github.com/OWASP/CheatSheetSeries/pull/295" rel="self"/><link href="https://github.com/OWASP/CheatSheetSeries/pull/295" rel="alternate"/><contributor><name>ThunderSon</name><uri>https://github.com/ThunderSon</uri></contributor><published>2019-11-20T13:07:48+00:00</published></entry><entry><id>https://github.com/OWASP/CheatSheetSeries/pull/296</id><title>Improve password manager guidance</title><updated>2019-11-19T12:47:01+00:00</updated><link href="https://github.com/OWASP/CheatSheetSeries/pull/296" rel="self"/><link href="https://github.com/OWASP/CheatSheetSeries/pull/296" rel="alternate"/><contributor><name>rbsec</name><uri>https://github.com/rbsec</uri></contributor><published>2019-11-19T12:47:01+00:00</published></entry><entry><id>https://github.com/OWASP/CheatSheetSeries/pull/305</id><title>Rewrite of email validation guidance. Fixes #298</title><updated>2019-12-02T08:44:10+00:00</updated><link href="https://github.com/OWASP/CheatSheetSeries/pull/305" rel="self"/><link href="https://github.com/OWASP/CheatSheetSeries/pull/305" rel="alternate"/><contributor><name>rbsec</name><uri>https://github.com/rbsec</uri></contributor><published>2019-12-02T08:44:10+00:00</published></entry><entry><id>https://github.com/OWASP/CheatSheetSeries/pull/306</id><title>New CS: Database Security</title><updated>2019-12-27T10:01:12+00:00</updated><link href="https://github.com/OWASP/CheatSheetSeries/pull/306" rel="self"/><link href="https://github.com/OWASP/CheatSheetSeries/pull/306" rel="alternate"/><contributor><name>rbsec</name><uri>https://github.com/rbsec</uri></contributor><published>2019-12-27T10:01:12+00:00</published></entry><entry><id>https://github.com/OWASP/CheatSheetSeries/pull/308</id><title>Add table of contents to MFA</title><updated>2019-11-24T19:28:52+00:00</updated><link href="https://github.com/OWASP/CheatSheetSeries/pull/308" rel="self"/><link href="https://github.com/OWASP/CheatSheetSeries/pull/308" rel="alternate"/><contributor><name>rbsec</name><uri>https://github.com/rbsec</uri></contributor><published>2019-11-24T19:28:52+00:00</published></entry><entry><id>https://github.com/OWASP/CheatSheetSeries/pull/309</id><title>Fixed broken link to w3c</title><updated>2019-11-28T12:48:52+00:00</updated><link href="https://github.com/OWASP/CheatSheetSeries/pull/309" rel="self"/><link href="https://github.com/OWASP/CheatSheetSeries/pull/309" rel="alternate"/><published>2019-11-28T12:48:52+00:00</published></entry><entry><id>https://github.com/OWASP/CheatSheetSeries/pull/310</id><title>File Upload Rewrite</title><updated>2020-02-21T12:26:53+00:00</updated><link href="https://github.com/OWASP/CheatSheetSeries/pull/310" rel="self"/><link href="https://github.com/OWASP/CheatSheetSeries/pull/310" rel="alternate"/><contributor><name>ThunderSon</name><uri>https://github.com/ThunderSon</uri></contributor><published>2020-02-21T12:26:53+00:00</published></entry><entry><id>https://github.com/OWASP/CheatSheetSeries/pull/311</id><title>Add new resource to additional reading in JWT CS</title><updated>2019-12-04T08:04:39+00:00</updated><link href="https://github.com/OWASP/CheatSheetSeries/pull/311" rel="self"/><link href="https://github.com/OWASP/CheatSheetSeries/pull/311" rel="alternate"/><contributor><name>mackowski</name><uri>https://github.com/mackowski</uri></contributor><published>2019-12-04T08:04:39+00:00</published></entry><entry><id>https://github.com/OWASP/CheatSheetSeries/pull/313</id><title>Rewrite the weak token secret section with better grammar. #312</title><updated>2019-12-06T19:51:18+00:00</updated><link href="https://github.com/OWASP/CheatSheetSeries/pull/313" rel="self"/><link href="https://github.com/OWASP/CheatSheetSeries/pull/313" rel="alternate"/><contributor><name>rbsec</name><uri>https://github.com/rbsec</uri></contributor><published>2019-12-06T19:51:18+00:00</published></entry><entry><id>https://github.com/OWASP/CheatSheetSeries/pull/316</id><title>Add ToC and note about AWS IMDSv2</title><updated>2019-12-31T09:21:36+00:00</updated><link href="https://github.com/OWASP/CheatSheetSeries/pull/316" rel="self"/><link href="https://github.com/OWASP/CheatSheetSeries/pull/316" rel="alternate"/><contributor><name>mackowski</name><uri>https://github.com/mackowski</uri></contributor><published>2019-12-31T09:21:36+00:00</published></entry><entry><id>https://github.com/OWASP/CheatSheetSeries/pull/318</id><title>Add note about browsers marking cookies as SameSite=Lax by default.</title><updated>2019-12-18T11:33:14+00:00</updated><link href="https://github.com/OWASP/CheatSheetSeries/pull/318" rel="self"/><link href="https://github.com/OWASP/CheatSheetSeries/pull/318" rel="alternate"/><contributor><name>rbsec</name><uri>https://github.com/rbsec</uri></contributor><published>2019-12-18T11:33:14+00:00</published></entry><entry><id>https://github.com/OWASP/CheatSheetSeries/pull/323</id><title>Fix table in Microservices based Security Arch Doc</title><updated>2019-12-21T11:37:58+00:00</updated><link href="https://github.com/OWASP/CheatSheetSeries/pull/323" rel="self"/><link href="https://github.com/OWASP/CheatSheetSeries/pull/323" rel="alternate"/><published>2019-12-21T11:37:58+00:00</published></entry><entry><id>https://github.com/OWASP/CheatSheetSeries/pull/326</id><title>XXE CS: Castor XML config file defaults</title><updated>2019-12-24T10:41:56+00:00</updated><link href="https://github.com/OWASP/CheatSheetSeries/pull/326" rel="self"/><link href="https://github.com/OWASP/CheatSheetSeries/pull/326" rel="alternate"/><contributor><name>ThunderSon</name><uri>https://github.com/ThunderSon</uri></contributor><published>2019-12-24T10:41:56+00:00</published></entry><entry><id>https://github.com/OWASP/CheatSheetSeries/pull/327</id><title>Create some style guidelines</title><updated>2019-12-26T10:46:32+00:00</updated><link href="https://github.com/OWASP/CheatSheetSeries/pull/327" rel="self"/><link href="https://github.com/OWASP/CheatSheetSeries/pull/327" rel="alternate"/><contributor><name>rbsec</name><uri>https://github.com/rbsec</uri></contributor><published>2019-12-26T10:46:32+00:00</published></entry><entry><id>https://github.com/OWASP/CheatSheetSeries/pull/330</id><title>chore: URL encode parentheses</title><updated>2019-12-27T10:02:20+00:00</updated><link href="https://github.com/OWASP/CheatSheetSeries/pull/330" rel="self"/><link href="https://github.com/OWASP/CheatSheetSeries/pull/330" rel="alternate"/><contributor><name>ThunderSon</name><uri>https://github.com/ThunderSon</uri></contributor><published>2019-12-27T10:02:20+00:00</published></entry><entry><id>https://github.com/OWASP/CheatSheetSeries/pull/331</id><title>Fix Typo and Remove Extraneous Word</title><updated>2019-12-31T09:20:46+00:00</updated><link href="https://github.com/OWASP/CheatSheetSeries/pull/331" rel="self"/><link href="https://github.com/OWASP/CheatSheetSeries/pull/331" rel="alternate"/><contributor><name>dhurlburtusa</name><uri>https://github.com/dhurlburtusa</uri></contributor><published>2019-12-31T09:20:46+00:00</published></entry><entry><id>https://github.com/OWASP/CheatSheetSeries/pull/332</id><title>CSRF re-write</title><updated>2020-02-15T15:39:36+00:00</updated><link href="https://github.com/OWASP/CheatSheetSeries/pull/332" rel="self"/><link href="https://github.com/OWASP/CheatSheetSeries/pull/332" rel="alternate"/><contributor><name>mackowski</name><uri>https://github.com/mackowski</uri></contributor><published>2020-02-15T15:39:36+00:00</published></entry><entry><id>https://github.com/OWASP/CheatSheetSeries/pull/333</id><title>Fix Some Minor Issues</title><updated>2019-12-31T16:18:48+00:00</updated><link href="https://github.com/OWASP/CheatSheetSeries/pull/333" rel="self"/><link href="https://github.com/OWASP/CheatSheetSeries/pull/333" rel="alternate"/><published>2019-12-31T16:18:48+00:00</published></entry><entry><id>https://github.com/OWASP/CheatSheetSeries/pull/334</id><title>Grammar Cleanup</title><updated>2020-01-06T13:29:53+00:00</updated><link href="https://github.com/OWASP/CheatSheetSeries/pull/334" rel="self"/><link href="https://github.com/OWASP/CheatSheetSeries/pull/334" rel="alternate"/><contributor><name>dhurlburtusa</name><uri>https://github.com/dhurlburtusa</uri></contributor><published>2020-01-06T13:29:53+00:00</published></entry><entry><id>https://github.com/OWASP/CheatSheetSeries/pull/335</id><title>Typo Fix</title><updated>2020-01-06T19:43:13+00:00</updated><link href="https://github.com/OWASP/CheatSheetSeries/pull/335" rel="self"/><link href="https://github.com/OWASP/CheatSheetSeries/pull/335" rel="alternate"/><published>2020-01-06T19:43:13+00:00</published></entry><entry><id>https://github.com/OWASP/CheatSheetSeries/pull/337</id><title>Fix Grammar, Readability, and Other Changes</title><updated>2020-01-10T19:55:30+00:00</updated><link href="https://github.com/OWASP/CheatSheetSeries/pull/337" rel="self"/><link href="https://github.com/OWASP/CheatSheetSeries/pull/337" rel="alternate"/><contributor><name>dhurlburtusa</name><uri>https://github.com/dhurlburtusa</uri></contributor><published>2020-01-10T19:55:30+00:00</published></entry><entry><id>https://github.com/OWASP/CheatSheetSeries/pull/338</id><title>Fixed MFA Cheat Sheet spelling and grammar errors, added additional biometric con point.</title><updated>2020-01-10T17:50:48+00:00</updated><link href="https://github.com/OWASP/CheatSheetSeries/pull/338" rel="self"/><link href="https://github.com/OWASP/CheatSheetSeries/pull/338" rel="alternate"/><published>2020-01-10T17:50:48+00:00</published></entry><entry><id>https://github.com/OWASP/CheatSheetSeries/pull/339</id><title>Updates to Ruby on Rails Cheatsheet </title><updated>2020-01-11T13:52:52+00:00</updated><link href="https://github.com/OWASP/CheatSheetSeries/pull/339" rel="self"/><link href="https://github.com/OWASP/CheatSheetSeries/pull/339" rel="alternate"/><contributor><name>ankane</name><uri>https://github.com/ankane</uri></contributor><published>2020-01-11T13:52:52+00:00</published></entry><entry><id>https://github.com/OWASP/CheatSheetSeries/pull/341</id><title>Migrate cron (send old issues and PR details to slack) to GitHub actions</title><updated>2020-01-14T10:20:15+00:00</updated><link href="https://github.com/OWASP/CheatSheetSeries/pull/341" rel="self"/><link href="https://github.com/OWASP/CheatSheetSeries/pull/341" rel="alternate"/><contributor><name>rejahrehim</name><uri>https://github.com/rejahrehim</uri></contributor><published>2020-01-14T10:20:15+00:00</published></entry><entry><id>https://github.com/OWASP/CheatSheetSeries/pull/342</id><title>Migrate CI build job for publishing check from Travis to Github actions</title><updated>2020-01-15T10:04:35+00:00</updated><link href="https://github.com/OWASP/CheatSheetSeries/pull/342" rel="self"/><link href="https://github.com/OWASP/CheatSheetSeries/pull/342" rel="alternate"/><published>2020-01-15T10:04:35+00:00</published></entry><entry><id>https://github.com/OWASP/CheatSheetSeries/pull/344</id><title>Update DotNet_Security_Cheat_Sheet.md</title><updated>2020-01-16T10:01:19+00:00</updated><link href="https://github.com/OWASP/CheatSheetSeries/pull/344" rel="self"/><link href="https://github.com/OWASP/CheatSheetSeries/pull/344" rel="alternate"/><published>2020-01-16T10:01:19+00:00</published></entry><entry><id>https://github.com/OWASP/CheatSheetSeries/pull/345</id><title>Migrate CI job to build and deploy website from CircleCI to Github Actions</title><updated>2020-01-16T09:29:49+00:00</updated><link href="https://github.com/OWASP/CheatSheetSeries/pull/345" rel="self"/><link href="https://github.com/OWASP/CheatSheetSeries/pull/345" rel="alternate"/><published>2020-01-16T09:29:49+00:00</published></entry><entry><id>https://github.com/OWASP/CheatSheetSeries/pull/346</id><title>Remove CircleCI and Travis config files from gh-pages branch</title><updated>2020-01-16T09:46:00+00:00</updated><link href="https://github.com/OWASP/CheatSheetSeries/pull/346" rel="self"/><link href="https://github.com/OWASP/CheatSheetSeries/pull/346" rel="alternate"/><published>2020-01-16T09:46:00+00:00</published></entry><entry><id>https://github.com/OWASP/CheatSheetSeries/pull/347</id><title>Add slack notification for build status in Github actions</title><updated>2020-01-16T13:57:46+00:00</updated><link href="https://github.com/OWASP/CheatSheetSeries/pull/347" rel="self"/><link href="https://github.com/OWASP/CheatSheetSeries/pull/347" rel="alternate"/><published>2020-01-16T13:57:46+00:00</published></entry><entry><id>https://github.com/OWASP/CheatSheetSeries/pull/348</id><title>Fix dead links for implementing link checker</title><updated>2020-01-27T10:58:13+00:00</updated><link href="https://github.com/OWASP/CheatSheetSeries/pull/348" rel="self"/><link href="https://github.com/OWASP/CheatSheetSeries/pull/348" rel="alternate"/><published>2020-01-27T10:58:13+00:00</published></entry><entry><id>https://github.com/OWASP/CheatSheetSeries/pull/351</id><title>Rails cheatsheet updates</title><updated>2020-02-17T04:33:55+00:00</updated><link href="https://github.com/OWASP/CheatSheetSeries/pull/351" rel="self"/><link href="https://github.com/OWASP/CheatSheetSeries/pull/351" rel="alternate"/><contributor><name>ankane</name><uri>https://github.com/ankane</uri></contributor><published>2020-02-17T04:33:55+00:00</published></entry><entry><id>https://github.com/OWASP/CheatSheetSeries/pull/352</id><title>minor grammer fixes</title><updated>2020-01-30T12:07:08+00:00</updated><link href="https://github.com/OWASP/CheatSheetSeries/pull/352" rel="self"/><link href="https://github.com/OWASP/CheatSheetSeries/pull/352" rel="alternate"/><published>2020-01-30T12:07:08+00:00</published></entry><entry><id>https://github.com/OWASP/CheatSheetSeries/pull/353</id><title>Fix an incorrect and incomplete recommendation in the XXE CS. Fixes #321</title><updated>2020-02-16T15:23:03+00:00</updated><link href="https://github.com/OWASP/CheatSheetSeries/pull/353" rel="self"/><link href="https://github.com/OWASP/CheatSheetSeries/pull/353" rel="alternate"/><published>2020-02-16T15:23:03+00:00</published></entry><entry><id>https://github.com/OWASP/CheatSheetSeries/pull/356</id><title>Fix broken owasp.org links</title><updated>2020-02-18T10:11:30+00:00</updated><link href="https://github.com/OWASP/CheatSheetSeries/pull/356" rel="self"/><link href="https://github.com/OWASP/CheatSheetSeries/pull/356" rel="alternate"/><published>2020-02-18T10:11:30+00:00</published></entry><entry><id>https://github.com/OWASP/CheatSheetSeries/pull/358</id><title>Database cheatsheet typos correction</title><updated>2020-02-21T21:30:41+00:00</updated><link href="https://github.com/OWASP/CheatSheetSeries/pull/358" rel="self"/><link href="https://github.com/OWASP/CheatSheetSeries/pull/358" rel="alternate"/><published>2020-02-21T21:30:41+00:00</published></entry></feed>